"dataset","task","mechanism","missing_rate","seed","imputer","imputation_rmse","imputation_mae","distribution_ks","distribution_wasserstein","compared_numeric_features","auc","f1","rmse_model","r2","status","error_message"
"bank","classification","MCAR",0.1,11,"mean_mode",1477.19809886275,304.942125701485,0.667631188595733,350.253784447528,7,0.928338536470581,0.852189781021898,NA,NA,"ok",NA
"housing","regression","MCAR",0.1,11,"mean_mode",958.290075687414,332.772781480077,0.605739421066355,372.448045812087,8,NA,NA,155489.991982293,-0.817641458845042,"ok",NA
"wine","classification","MCAR",0.1,11,"mean_mode",10.5479360481464,3.3097985403897,0.600407975060321,3.67430437760672,11,0.875889046941679,0.826210826210826,NA,NA,"ok",NA
"bank","classification","MAR",0.1,11,"mean_mode",2136.29984701052,703.757882745986,0.649773849455588,768.171874976599,3,0.932410521887828,0.853860294117647,NA,NA,"ok",NA
"housing","regression","MAR",0.1,11,"mean_mode",257.869816894698,123.972811551787,0.659936677576141,134.350791895645,4,NA,NA,155389.154500976,-0.815284690381783,"ok",NA
"wine","classification","MAR",0.1,11,"mean_mode",0.855085067872023,0.360949371400785,0.605609870557323,0.387037631299319,5,0.871305516042358,0.811267605633803,NA,NA,"ok",NA
"bank","classification","MCAR",0.3,11,"mean_mode",1197.30800707451,285.975021868192,0.668888228090222,343.264903109901,7,0.93138789186715,0.857142857142857,NA,NA,"ok",NA
"housing","regression","MCAR",0.3,11,"mean_mode",915.931754763645,323.66424774365,0.600801922687597,381.443692208915,8,NA,NA,157134.081337891,-0.856282709359589,"ok",NA
"wine","classification","MCAR",0.3,11,"mean_mode",11.5096585703993,3.59411959463077,0.585604594294542,3.66892904822238,11,0.853564090406196,0.798898071625344,NA,NA,"ok",NA
"bank","classification","MAR",0.3,11,"mean_mode",3046.36218891783,782.185128142771,0.632856600375397,961.457697768633,3,0.931655435733868,0.853994490358127,NA,NA,"ok",NA
"housing","regression","MAR",0.3,11,"mean_mode",271.865016496006,129.559503960896,0.648414700735531,146.635568783052,4,NA,NA,155624.799718885,-0.820794566613102,"ok",NA
"wine","classification","MAR",0.3,11,"mean_mode",0.893374314437566,0.393190810723657,0.563764745058863,0.395396963667336,5,0.867749328275644,0.819484240687679,NA,NA,"ok",NA
"bank","classification","MCAR",0.5,11,"mean_mode",1202.28611359757,289.213144697389,0.671486079613386,355.630769967169,7,0.924271386183455,0.844179651695692,NA,NA,"ok",NA
"housing","regression","MCAR",0.5,11,"mean_mode",887.152292655074,324.07374155793,0.59835669657612,382.219631127992,8,NA,NA,158076.26479002,-0.87861016698905,"ok",NA
"wine","classification","MCAR",0.5,11,"mean_mode",11.1191957748879,3.50003512893497,0.581482855952688,3.59908139212587,11,0.84257942152679,0.80952380952381,NA,NA,"ok",NA
"bank","classification","MAR",0.5,11,"mean_mode",2811.06603287476,759.997849036423,0.627597773460398,954.009154729452,3,0.92994863480101,0.85595567867036,NA,NA,"ok",NA
"housing","regression","MAR",0.5,11,"mean_mode",272.231934523637,129.37158653153,0.653626978254696,146.406227427541,4,NA,NA,156349.546071149,-0.837792974983925,"ok",NA
"wine","classification","MAR",0.5,11,"mean_mode",0.900198523560596,0.386913105236936,0.547132716512099,0.39400544498446,5,0.862256993835941,0.811594202898551,NA,NA,"ok",NA
"bank","classification","MCAR",0.1,22,"mean_mode",895.198381094629,265.013176829219,0.667511909673549,281.994355278407,7,0.919960061825197,0.84789644012945,NA,NA,"ok",NA
"housing","regression","MCAR",0.1,22,"mean_mode",908.78708357151,328.879727337178,0.604248694230923,367.958955771554,8,NA,NA,154412.090757648,-0.807465592259125,"ok",NA
"wine","classification","MCAR",0.1,22,"mean_mode",9.16966891388152,3.14820499789289,0.600136135014892,3.31687787549768,11,0.861269163900743,0.783382789317507,NA,NA,"ok",NA
"bank","classification","MAR",0.1,22,"mean_mode",2007.09211808052,703.841154116509,0.667184572409373,744.229935385528,3,0.917828575296675,0.850045998160074,NA,NA,"ok",NA
"housing","regression","MAR",0.1,22,"mean_mode",1698.44981078246,653.091885797955,0.538779344295673,701.899948486283,4,NA,NA,154740.257865305,-0.815156454482535,"ok",NA
"wine","classification","MAR",0.1,22,"mean_mode",0.680071952531708,0.322723135177795,0.614095068450254,0.330436354381108,5,0.87355776829461,0.81524926686217,NA,NA,"ok",NA
"bank","classification","MCAR",0.3,22,"mean_mode",1330.34053641411,295.401408090615,0.668252788105631,365.812456732251,7,0.915631411584005,0.845513413506013,NA,NA,"ok",NA
"housing","regression","MCAR",0.3,22,"mean_mode",935.467866759372,326.793325481318,0.599185333804178,378.505595662694,8,NA,NA,154660.747800292,-0.813291572893804,"ok",NA
"wine","classification","MCAR",0.3,22,"mean_mode",10.3662972794402,3.33142861369041,0.601988681924174,3.45461183814741,11,0.821716453295401,0.757396449704142,NA,NA,"ok",NA
"bank","classification","MAR",0.3,22,"mean_mode",1865.32852748626,645.548068403707,0.662563765308562,710.582255328294,3,0.921067306623,0.851595006934813,NA,NA,"ok",NA
"housing","regression","MAR",0.3,22,"mean_mode",1615.41861188095,638.008934292399,0.553505142684573,693.091942149498,4,NA,NA,154617.879544752,-0.812286510202636,"ok",NA
"wine","classification","MAR",0.3,22,"mean_mode",0.779694870789441,0.328301440429454,0.605105716343836,0.340834100758813,5,0.866524419155998,0.817391304347826,NA,NA,"ok",NA
"bank","classification","MCAR",0.5,22,"mean_mode",1264.94572186588,288.893870168797,0.66846945676888,381.88709098424,7,0.912526855118549,0.836800739713361,NA,NA,"ok",NA
"housing","regression","MCAR",0.5,22,"mean_mode",906.96493343685,326.085106429675,0.599879596389785,378.960607594156,8,NA,NA,156299.570247162,-0.851923316269056,"ok",NA
"wine","classification","MCAR",0.5,22,"mean_mode",10.8416779964277,3.52800355480778,0.589373391343175,3.53161342786514,11,0.835822664770033,0.761904761904762,NA,NA,"ok",NA
"bank","classification","MAR",0.5,22,"mean_mode",2090.29119194566,643.928740909699,0.661067070289707,857.364430559514,3,0.918896736125997,0.852125693160813,NA,NA,"ok",NA
"housing","regression","MAR",0.5,22,"mean_mode",1663.70970295543,635.095459226271,0.566286366556622,718.670805410657,4,NA,NA,154892.131086591,-0.818721253257795,"ok",NA
"wine","classification","MAR",0.5,22,"mean_mode",0.770021118200276,0.32484030911154,0.599841562233321,0.340454994772517,5,0.868855697803066,0.816091954022989,NA,NA,"ok",NA
"bank","classification","MCAR",0.1,33,"mean_mode",925.813131976865,266.251138992954,0.679500223148441,299.916177706878,7,0.920753829020129,0.854779411764706,NA,NA,"ok",NA
"housing","regression","MCAR",0.1,33,"mean_mode",858.965951443505,327.65878330713,0.602803578169945,356.724261624949,8,NA,NA,148768.655031312,-0.721898015119045,"ok",NA
"wine","classification","MCAR",0.1,33,"mean_mode",9.70205175532636,3.39472607371378,0.608783003292443,3.24243130121108,11,0.87355776829461,0.791788856304985,NA,NA,"ok",NA
"bank","classification","MAR",0.1,33,"mean_mode",184.850607053965,103.882071363763,0.674142496694203,109.590323886197,3,0.922010156996675,0.850206138341732,NA,NA,"ok",NA
"housing","regression","MAR",0.1,33,"mean_mode",1217.76561722668,518.406909887495,0.645651099336338,568.683615593349,4,NA,NA,148538.967013774,-0.716585148235146,"ok",NA
"wine","classification","MAR",0.1,33,"mean_mode",3.80007790442501,1.57210723836434,0.60768011983983,1.69387293019019,5,0.887822032558875,0.817391304347826,NA,NA,"ok",NA
"bank","classification","MCAR",0.3,33,"mean_mode",981.81428841221,278.453174432764,0.672922200623104,305.27622750077,7,0.921515362014251,0.857669276830954,NA,NA,"ok",NA
"housing","regression","MCAR",0.3,33,"mean_mode",935.994359719903,330.051344913812,0.596318320662679,403.299313657246,8,NA,NA,150440.64511313,-0.760819852804369,"ok",NA
"wine","classification","MCAR",0.3,33,"mean_mode",9.90308443620582,3.29153208580237,0.595866663177091,3.464928338925,11,0.85577682946104,0.784431137724551,NA,NA,"ok",NA
"bank","classification","MAR",0.3,33,"mean_mode",195.776567514936,109.303591307689,0.658227656517493,115.53794129919,3,0.921900963641433,0.857928505957837,NA,NA,"ok",NA
"housing","regression","MAR",0.3,33,"mean_mode",1180.12801623124,510.897208294517,0.648554506275016,583.704420504456,4,NA,NA,149217.266639808,-0.732298433394154,"ok",NA
"wine","classification","MAR",0.3,33,"mean_mode",4.34122157251389,1.73347042347391,0.570176698349313,1.83648715797985,5,0.888217164532954,0.819767441860465,NA,NA,"ok",NA
"bank","classification","MCAR",0.5,33,"mean_mode",1182.82829552248,279.590387675122,0.667708793605754,387.865165234753,7,0.918297582918452,0.850869167429094,NA,NA,"ok",NA
"housing","regression","MCAR",0.5,33,"mean_mode",923.048199175749,328.702604460142,0.597187504696826,383.75974013745,8,NA,NA,151304.869623066,-0.781108446936192,"ok",NA
"wine","classification","MCAR",0.5,33,"mean_mode",10.157442121206,3.44725065094287,0.602554226079941,3.51237573065846,11,0.840485222064169,0.765060240963855,NA,NA,"ok",NA
"bank","classification","MAR",0.5,33,"mean_mode",207.996614002893,112.755162607546,0.653399566037609,120.594238889244,3,0.921677338873318,0.858443331816113,NA,NA,"ok",NA
"housing","regression","MAR",0.5,33,"mean_mode",1180.50582654012,517.558756176556,0.644367350417648,592.081179594803,4,NA,NA,150051.765443883,-0.751728399795986,"ok",NA
"wine","classification","MAR",0.5,33,"mean_mode",4.24734027559079,1.67790914592363,0.609019822318602,1.83194084088563,5,0.885411727516991,0.801169590643275,NA,NA,"ok",NA
"bank","classification","MCAR",0.1,11,"mice",1817.26745300913,379.856731583404,0.0321513476573634,55.1266714766714,7,0.929220947717738,0.853860294117647,NA,NA,"ok",NA
"housing","regression","MCAR",0.1,11,"mice",438.191022394746,136.967336052254,0.0189929734302873,25.6997471780303,8,NA,NA,154005.689549894,-0.78310479922026,"ok",NA
"wine","classification","MCAR",0.1,11,"mice",11.0713963833649,3.09104126876877,0.109919267110153,0.703765075339252,11,0.869843527738265,0.815642458100559,NA,NA,"ok",NA
"bank","classification","MAR",0.1,11,"mice",2845.63417473921,919.463295269168,0.0655747469290051,161.751077441078,3,0.932673230624425,0.851902796882164,NA,NA,"ok",NA
"housing","regression","MAR",0.1,11,"mice",66.7970579268991,25.1319178495923,0.0340985278915029,5.37911742424242,4,NA,NA,155822.876479051,-0.825432472764633,"ok",NA
"wine","classification","MAR",0.1,11,"mice",0.765843856523639,0.3314798125,0.164027965162725,0.0698568404040404,5,0.871937727200885,0.815426997245179,NA,NA,"ok",NA
"bank","classification","MCAR",0.3,11,"mice",1548.06211993846,348.292421899165,0.0199414199662962,45.7160221260221,7,0.922116529859346,0.843137254901961,NA,NA,"ok",NA
"housing","regression","MCAR",0.3,11,"mice",470.177469438883,151.010159796475,0.0159492703296829,27.6139654124577,8,NA,NA,151095.219144148,-0.716345767889454,"ok",NA
"wine","classification","MCAR",0.3,11,"mice",11.8063026545726,3.56512849748514,0.0772419060300154,0.580035868299154,11,0.854117275169907,0.798882681564246,NA,NA,"ok",NA
"bank","classification","MAR",0.3,11,"mice",3430.0202004193,935.360677427891,0.0700186613720448,434.749663299664,3,0.931655435733868,0.857011070110701,NA,NA,"ok",NA
"housing","regression","MAR",0.3,11,"mice",76.6223891639444,31.0636919291339,0.040806337118768,4.39958173400663,4,NA,NA,155127.811637918,-0.809183714381862,"ok",NA
"wine","classification","MAR",0.3,11,"mice",0.69576722950457,0.321902223439211,0.16349096654979,0.061326879057239,5,0.86399557452189,0.819209039548023,NA,NA,"ok",NA
"bank","classification","MCAR",0.5,11,"mice",1699.44095242299,370.877926829268,0.0177662970846996,31.6850264550265,7,0.913339156978946,0.829566854990584,NA,NA,"ok",NA
"housing","regression","MCAR",0.5,11,"mice",574.584837499972,178.539125326003,0.0132387520380437,43.3841886607744,8,NA,NA,147875.944952043,-0.643987092474004,"ok",NA
"wine","classification","MCAR",0.5,11,"mice",12.7703785026958,3.81364422334781,0.0847710660566667,0.395394084817875,11,0.822585743638375,0.76750700280112,NA,NA,"ok",NA
"bank","classification","MAR",0.5,11,"mice",3094.67347922006,905.872867972205,0.0567001196367175,479.935241301908,3,0.932008400232731,0.858067498844198,NA,NA,"ok",NA
"housing","regression","MAR",0.5,11,"mice",80.6820186749112,33.2127010613208,0.0565803892535587,6.43505639730643,4,NA,NA,154946.701861146,-0.804961781703009,"ok",NA
"wine","classification","MAR",0.5,11,"mice",0.742456264786885,0.32500096015676,0.0991233259248318,0.0516234791245792,5,0.860202307570729,0.816666666666667,NA,NA,"ok",NA
"bank","classification","MCAR",0.1,22,"mice",1604.6926235644,336.179822356293,0.0268119671994543,68.595088985089,7,0.919844824557304,0.849655172413793,NA,NA,"ok",NA
"housing","regression","MCAR",0.1,22,"mice",391.110394155848,130.563120180266,0.0303654182371672,26.4819084991581,8,NA,NA,153059.456174141,-0.77593785143563,"ok",NA
"wine","classification","MCAR",0.1,22,"mice",10.7473060098251,3.14420344716654,0.109477737768294,0.800264350688707,11,0.861111111111111,0.784883720930233,NA,NA,"ok",NA
"bank","classification","MAR",0.1,22,"mice",2776.07324741261,959.8375,0.0616195195012048,75.5251402918067,3,0.918780290075573,0.846082949308756,NA,NA,"ok",NA
"housing","regression","MAR",0.1,22,"mice",675.154264758573,282.431380832282,0.034951306310826,49.215728872054,4,NA,NA,154207.844452661,-0.802687157993536,"ok",NA
"wine","classification","MAR",0.1,22,"mice",0.592775628548142,0.25036135483871,0.173717743038098,0.0736189386531987,5,0.874545598229809,0.811594202898551,NA,NA,"ok",NA
"bank","classification","MCAR",0.3,22,"mice",1658.92820064532,356.806585380949,0.021045139570191,58.0304136604136,7,0.914987533422837,0.844979176307265,NA,NA,"ok",NA
"housing","regression","MCAR",0.3,22,"mice",473.849946106423,150.706221643363,0.0151880342067014,41.6418831780302,8,NA,NA,150186.405660736,-0.709891994929894,"ok",NA
"wine","classification","MCAR",0.3,22,"mice",11.2466179952744,3.385750826499,0.09097758436818,0.436223041914091,11,0.825865339023234,0.779661016949153,NA,NA,"ok",NA
"bank","classification","MAR",0.3,22,"mice",2465.1569039827,844.242683242683,0.0513922731502073,54.2095286195291,3,0.919302484128685,0.840445269016698,NA,NA,"ok",NA
"housing","regression","MAR",0.3,22,"mice",668.641337919586,277.786992070847,0.0196238152320604,42.4518899831649,4,NA,NA,153629.030748198,-0.789179909831675,"ok",NA
"wine","classification","MAR",0.3,22,"mice",0.661918672688418,0.267505776850886,0.127851689878673,0.0431392717171717,5,0.865852694800063,0.820809248554913,NA,NA,"ok",NA
"bank","classification","MCAR",0.5,22,"mice",1719.47253572723,364.265200097411,0.0154397501652122,51.697392977393,7,0.90467863307648,0.829063809967396,NA,NA,"ok",NA
"housing","regression","MCAR",0.5,22,"mice",537.925522439148,174.441787292786,0.0155282647476647,49.3902940841751,8,NA,NA,146333.852274842,-0.623293475573286,"ok",NA
"wine","classification","MCAR",0.5,22,"mice",12.0165650945173,3.7717831068661,0.0884059759108858,0.288060181399857,11,0.820293978188715,0.758823529411765,NA,NA,"ok",NA
"bank","classification","MAR",0.5,22,"mice",2567.73419747152,810.454743390358,0.0334320314820697,215.896228956229,3,0.916138697319243,0.847004608294931,NA,NA,"ok",NA
"housing","regression","MAR",0.5,22,"mice",645.427122027718,271.962406159174,0.0258941020214546,45.0988999158249,4,NA,NA,153446.963300618,-0.784941669284677,"ok",NA
"wine","classification","MAR",0.5,22,"mice",0.676489133617878,0.276453731629393,0.133197828530498,0.0306459501683503,5,0.864469732890786,0.805714285714286,NA,NA,"ok",NA
"bank","classification","MCAR",0.1,33,"mice",1313.7996901912,320.197038532728,0.0352171640234471,25.4259644059645,7,0.921189796586076,0.851357570179475,NA,NA,"ok",NA
"housing","regression","MCAR",0.1,33,"mice",389.782171019454,135.460719483101,0.0209937542287852,19.4967184175084,8,NA,NA,146727.962188971,-0.674982692545676,"ok",NA
"wine","classification","MCAR",0.1,33,"mice",10.5846983431283,3.13714101707498,0.117884202390957,0.503537287848179,11,0.862533586217797,0.794029850746269,NA,NA,"ok",NA
"bank","classification","MAR",0.1,33,"mice",271.236900233143,121.788129226146,0.0426100883087719,16.0356790123457,3,0.923716957929533,0.856487849610271,NA,NA,"ok",NA
"housing","regression","MAR",0.1,33,"mice",530.499343631541,225.926004822408,0.0383140183566828,42.4392369242425,4,NA,NA,147712.077950979,-0.697526517724795,"ok",NA
"wine","classification","MAR",0.1,33,"mice",3.32763068360566,1.17539849673203,0.169640768588137,0.451518811582492,5,0.893788525367473,0.845714285714286,NA,NA,"ok",NA
"bank","classification","MCAR",0.3,33,"mice",1635.9216838934,352.051968892729,0.0289632417488796,95.6035209235209,7,0.918831864796868,0.846082949308756,NA,NA,"ok",NA
"housing","regression","MCAR",0.3,33,"mice",443.236039966003,150.702055944961,0.017864860623335,51.2701821531985,8,NA,NA,143987.584610528,-0.613001030896346,"ok",NA
"wine","classification","MCAR",0.3,33,"mice",9.9919141155808,3.12607050457875,0.0706069251575913,0.384489570554025,11,0.858977398451083,0.789772727272727,NA,NA,"ok",NA
"bank","classification","MAR",0.3,33,"mice",262.356098258302,119.253135398004,0.0206401982837732,4.75805836139171,3,0.920325114149364,0.854645814167433,NA,NA,"ok",NA
"housing","regression","MAR",0.3,33,"mice",534.39091233025,226.275335138808,0.0199894858324695,51.0800883804713,4,NA,NA,146578.71558247,-0.671576956641057,"ok",NA
"wine","classification","MAR",0.3,33,"mice",4.14103422648081,1.49178726293103,0.154332896570371,0.25570679023569,5,0.895724672040461,0.828402366863905,NA,NA,"ok",NA
"bank","classification","MCAR",0.5,33,"mice",1749.84907540118,352.294229832819,0.0191175978005126,25.9385377585378,7,0.912372130954664,0.841910060268892,NA,NA,"ok",NA
"housing","regression","MCAR",0.5,33,"mice",515.3803000387,174.125186318245,0.014030495638703,11.4869219490741,8,NA,NA,141411.196298909,-0.555794187331153,"ok",NA
"wine","classification","MCAR",0.5,33,"mice",12.231599190496,3.73193296003355,0.0932202416936522,0.344399618406285,11,0.81733048838312,0.752808988764045,NA,NA,"ok",NA
"bank","classification","MAR",0.5,33,"mice",292.497183448972,128.887596899225,0.0220177739581338,6.11151515151514,3,0.919366146675284,0.849793293523197,NA,NA,"ok",NA
"housing","regression","MAR",0.5,33,"mice",559.843773775271,232.509045344414,0.0197830331500589,81.1830002104379,4,NA,NA,145209.599106006,-0.640496109706828,"ok",NA
"wine","classification","MAR",0.5,33,"mice",4.17939834226848,1.49987068758344,0.121870877605945,0.210779455151516,5,0.880749170222854,0.797687861271676,NA,NA,"ok",NA
"bank","classification","MCAR",0.1,11,"missForest",1470.5530779858,290.377861856161,0.304431151386925,250.558299910659,7,0.928826078757823,0.848568790397045,NA,NA,"ok",NA
"housing","regression","MCAR",0.1,11,"missForest",239.578968482425,72.2945531737981,0.054983023932255,32.3299250708243,8,NA,NA,155625.651011161,-0.820814486736269,"ok",NA
"wine","classification","MCAR",0.1,11,"missForest",5.82062625301874,1.57152021901452,0.185520708019219,1.11265590249452,11,0.879129129129129,0.826815642458101,NA,NA,"ok",NA
"bank","classification","MAR",0.1,11,"missForest",2102.05675437532,667.054914575352,0.229600723756782,547.97188562855,3,0.932104296980139,0.854118729866544,NA,NA,"ok",NA
"housing","regression","MAR",0.1,11,"missForest",37.5697226487172,13.4065919971168,0.0391975623274598,6.01049880742034,4,NA,NA,155407.918864361,-0.815723134343241,"ok",NA
"wine","classification","MAR",0.1,11,"missForest",0.356062500657749,0.162864017579533,0.185117802472582,0.097908383391027,5,0.871819187608661,0.81767955801105,NA,NA,"ok",NA
"bank","classification","MCAR",0.3,11,"missForest",1196.76063284205,273.538401011344,0.294257360514613,241.2773210566,7,0.929483656454335,0.850467289719626,NA,NA,"ok",NA
"housing","regression","MCAR",0.3,11,"missForest",294.902124183812,85.7541310025553,0.0661673020895578,36.3921930463843,8,NA,NA,155872.972017555,-0.826606378988111,"ok",NA
"wine","classification","MCAR",0.3,11,"missForest",8.65044043010931,2.36973218636487,0.174592070430247,1.43040894159471,11,0.854947052315473,0.797653958944282,NA,NA,"ok",NA
"bank","classification","MAR",0.3,11,"missForest",2979.97821146871,735.321789669065,0.214750529336996,738.517992593658,3,0.931808548187713,0.854386770785485,NA,NA,"ok",NA
"housing","regression","MAR",0.3,11,"missForest",44.024080676853,15.8695130466749,0.0440105619518739,8.14412442202714,4,NA,NA,155477.138899324,-0.817340972227269,"ok",NA
"wine","classification","MAR",0.3,11,"missForest",0.365911376205832,0.170388160214105,0.139037568096392,0.0850825082057659,5,0.866642958748222,0.805633802816901,NA,NA,"ok",NA
"bank","classification","MCAR",0.5,11,"missForest",1227.36690468773,283.062449097753,0.301472797261981,230.524452848989,7,0.922989270846261,0.844070961718021,NA,NA,"ok",NA
"housing","regression","MCAR",0.5,11,"missForest",363.977296250589,107.949436197689,0.0827027512957645,47.4324626796918,8,NA,NA,154930.069333105,-0.804574300513642,"ok",NA
"wine","classification","MCAR",0.5,11,"missForest",9.5931608919379,2.77891983486277,0.164975615610509,1.58084279098224,11,0.814999209736052,0.773109243697479,NA,NA,"ok",NA
"bank","classification","MAR",0.5,11,"missForest",2741.0255339561,711.642444899742,0.227135764066673,729.891323827935,3,0.932503195215155,0.854118729866544,NA,NA,"ok",NA
"housing","regression","MAR",0.5,11,"missForest",46.6674639569394,17.4708810189297,0.0530344071232235,8.51991056739512,4,NA,NA,155745.348056803,-0.823616466078861,"ok",NA
"wine","classification","MAR",0.5,11,"missForest",0.445166468729868,0.185870882019983,0.143318856532852,0.0979174342536699,5,0.863086770981508,0.803370786516854,NA,NA,"ok",NA
"bank","classification","MCAR",0.1,22,"missForest",901.104040235587,252.392533479632,0.293642390782052,188.208252085946,7,0.920491926138552,0.848625989753144,NA,NA,"ok",NA
"housing","regression","MCAR",0.1,22,"missForest",218.056932837617,68.9359510007098,0.0569471406347452,16.7498297259232,8,NA,NA,154878.364632298,-0.818397980148976,"ok",NA
"wine","classification","MCAR",0.1,22,"missForest",5.57377893372038,1.68102407823818,0.197161676454663,0.972060568914768,11,0.863284336968547,0.803519061583578,NA,NA,"ok",NA
"bank","classification","MAR",0.1,22,"missForest",1977.24445223425,684.26735408861,0.38218373725274,538.044767192245,3,0.919646584222326,0.847473342605471,NA,NA,"ok",NA
"housing","regression","MAR",0.1,22,"missForest",348.458976515287,143.105086189928,0.0348825740483477,40.0519486046067,4,NA,NA,154726.100049746,-0.814824317584088,"ok",NA
"wine","classification","MAR",0.1,22,"missForest",0.261505808691394,0.119987829990614,0.158761781426694,0.0775666539139429,5,0.877548601232812,0.818713450292398,NA,NA,"ok",NA
"bank","classification","MCAR",0.3,22,"missForest",1318.0586156104,277.885409662986,0.294569528664478,261.501763137955,7,0.916414299736163,0.848994857410005,NA,NA,"ok",NA
"housing","regression","MCAR",0.3,22,"missForest",273.757882223983,86.354829931898,0.0661879367736907,28.6800570335717,8,NA,NA,154488.651160096,-0.809258387088122,"ok",NA
"wine","classification","MCAR",0.3,22,"missForest",7.54854533144872,2.24904064102755,0.187510524392951,1.40081516357073,11,0.850719140192824,0.780058651026393,NA,NA,"ok",NA
"bank","classification","MAR",0.3,22,"missForest",1832.59415219328,621.136189695423,0.373592209184282,517.299617932296,3,0.921142251139882,0.848766868310842,NA,NA,"ok",NA
"housing","regression","MAR",0.3,22,"missForest",351.271292049441,145.731073315406,0.0412557089281313,29.2670003611023,4,NA,NA,154754.751232714,-0.815496494776976,"ok",NA
"wine","classification","MAR",0.3,22,"missForest",0.350742782936136,0.138686105434592,0.133452691015642,0.0641591380277338,5,0.86648490595859,0.802325581395349,NA,NA,"ok",NA
"bank","classification","MCAR",0.5,22,"missForest",1281.53216895732,283.396663461678,0.288498251055656,254.416193635727,7,0.912592129375188,0.831524303916942,NA,NA,"ok",NA
"housing","regression","MCAR",0.5,22,"missForest",357.389701725566,106.193931296953,0.0774762314001832,43.2076604250793,8,NA,NA,154012.644695476,-0.798126282567661,"ok",NA
"wine","classification","MCAR",0.5,22,"missForest",9.05985644712157,2.89221329360161,0.170803535148787,1.60706499925819,11,0.845108266160898,0.794117647058823,NA,NA,"ok",NA
"bank","classification","MAR",0.5,22,"missForest",2074.91882861108,641.814368825377,0.374187715252351,659.661655010725,3,0.919304095838726,0.849532710280374,NA,NA,"ok",NA
"housing","regression","MAR",0.5,22,"missForest",422.346554326533,154.073147062799,0.0519205164240708,63.7756286887076,4,NA,NA,154290.547204526,-0.804621264102091,"ok",NA
"wine","classification","MAR",0.5,22,"missForest",0.382789016644417,0.15136279437442,0.127463089830543,0.0633287786130822,5,0.862928718191876,0.80466472303207,NA,NA,"ok",NA
"bank","classification","MCAR",0.1,33,"missForest",911.570742557268,249.647536538798,0.305968352570456,209.363309000239,7,0.92284905207274,0.855018587360595,NA,NA,"ok",NA
"housing","regression","MCAR",0.1,33,"missForest",208.055684929488,70.2480177909122,0.061966140128474,26.7931120204915,8,NA,NA,148075.076851282,-0.705880031079011,"ok",NA
"wine","classification","MCAR",0.1,33,"missForest",5.52492192355266,1.63725099169222,0.191311155970611,0.730010672262946,11,0.87280701754386,0.805970149253731,NA,NA,"ok",NA
"bank","classification","MAR",0.1,33,"missForest",177.159611710544,85.1551777043967,0.261314892987815,68.7948621070603,3,0.923130295474802,0.853849700322729,NA,NA,"ok",NA
"housing","regression","MAR",0.1,33,"missForest",290.062800996956,116.137250175773,0.0603044203396936,31.9048555790759,4,NA,NA,148401.553828087,-0.713410596376131,"ok",NA
"wine","classification","MAR",0.1,33,"missForest",1.65677915535618,0.626039949451036,0.190951516722842,0.388483585481296,5,0.894657815710447,0.828985507246377,NA,NA,"ok",NA
"bank","classification","MCAR",0.3,33,"missForest",995.877788084102,271.068992144868,0.289304097966403,190.1364640154,7,0.920493537848593,0.848826291079812,NA,NA,"ok",NA
"housing","regression","MCAR",0.3,33,"missForest",296.782346149631,85.8438845919058,0.0696259008682712,58.3716393951005,8,NA,NA,148295.994565602,-0.710973936808239,"ok",NA
"wine","classification","MCAR",0.3,33,"missForest",7.74883726015035,2.25748892503686,0.181102564312909,1.28685510466953,11,0.852773826458037,0.772861356932153,NA,NA,"ok",NA
"bank","classification","MAR",0.3,33,"missForest",185.767881040264,88.9725941432912,0.247591163413611,74.1106704553415,3,0.922169716290682,0.850138760407031,NA,NA,"ok",NA
"housing","regression","MAR",0.3,33,"missForest",280.793243109639,117.459338248521,0.0609227427252593,28.686063719505,4,NA,NA,148599.203738274,-0.717977677546919,"ok",NA
"wine","classification","MAR",0.3,33,"missForest",2.4433311699095,0.878512603048743,0.181832081972782,0.552397470530017,5,0.880195985459143,0.81524926686217,NA,NA,"ok",NA
"bank","classification","MCAR",0.5,33,"missForest",1215.96399167588,285.194988956434,0.284069888874652,258.458030471959,7,0.917610188586192,0.836744407425036,NA,NA,"ok",NA
"housing","regression","MCAR",0.5,33,"missForest",335.356910313343,106.070582608335,0.0804491373061564,43.7484011994017,8,NA,NA,147072.066358883,-0.682848192287513,"ok",NA
"wine","classification","MCAR",0.5,33,"missForest",8.25911415963304,2.57420462216991,0.180618960686955,1.16800931195931,11,0.844436541804963,0.783382789317507,NA,NA,"ok",NA
"bank","classification","MAR",0.5,33,"missForest",199.896777157374,92.9730686203308,0.247169698003158,79.4982091358903,3,0.92236876248068,0.852777777777778,NA,NA,"ok",NA
"housing","regression","MAR",0.5,33,"missForest",307.820051473316,126.170390974376,0.0594596387679996,24.1646793964047,4,NA,NA,148882.586963755,-0.72453639735788,"ok",NA
"wine","classification","MAR",0.5,33,"missForest",2.51429271670148,0.893924028099716,0.17899264025693,0.607621619030904,5,0.88082819661767,0.795321637426901,NA,NA,"ok",NA
"bank","classification","MCAR",0.1,11,"torch_vae",1517.2784213552,318.416411739928,0.414441004616414,219.033288654716,7,0.929150838330978,0.84789644012945,NA,NA,"ok",NA
"housing","regression","MCAR",0.1,11,"torch_vae",508.159581197125,182.309627443009,0.211760987722762,105.629421013964,8,NA,NA,155236.929163954,-0.811729783713352,"ok",NA
"wine","classification","MCAR",0.1,11,"torch_vae",8.81073702572964,2.75649327136593,0.237924652064357,1.95548132551473,11,0.869408882566777,0.8125,NA,NA,"ok",NA
"bank","classification","MAR",0.1,11,"torch_vae",2258.64549671824,749.73528227657,0.392608741736266,478.413230646795,3,0.931758585176458,0.852805887764489,NA,NA,"ok",NA
"housing","regression","MAR",0.1,11,"torch_vae",119.345407788932,59.6236626286861,0.257255196680598,32.1611276286525,4,NA,NA,155218.683299856,-0.811303923282705,"ok",NA
"wine","classification","MAR",0.1,11,"torch_vae",0.544056167146607,0.246466167312012,0.256038090859157,0.161813633472054,5,0.872174806385333,0.813559322033898,NA,NA,"ok",NA
"bank","classification","MCAR",0.3,11,"torch_vae",1246.73564079535,294.658042684402,0.402918631947353,202.50212540352,7,0.925136874475187,0.846654275092937,NA,NA,"ok",NA
"housing","regression","MCAR",0.3,11,"torch_vae",551.799480772662,195.281593779054,0.22088118003615,123.215841469854,8,NA,NA,156064.820915409,-0.831105530735772,"ok",NA
"wine","classification","MCAR",0.3,11,"torch_vae",10.2510328887131,3.09199272955121,0.215056012434671,1.93287847998667,11,0.828117591275486,0.798882681564246,NA,NA,"ok",NA
"bank","classification","MAR",0.3,11,"torch_vae",3082.62273148905,809.790329000445,0.378857024345746,692.422694808087,3,0.931232361848245,0.85989010989011,NA,NA,"ok",NA
"housing","regression","MAR",0.3,11,"torch_vae",124.687605031722,62.0741989476401,0.258511399763831,36.8077551641972,4,NA,NA,155218.388405381,-0.811297040824982,"ok",NA
"wine","classification","MAR",0.3,11,"torch_vae",0.587145071014331,0.273894493442691,0.204565900330606,0.155641860267434,5,0.869764501343449,0.824512534818941,NA,NA,"ok",NA
"bank","classification","MCAR",0.5,11,"torch_vae",1271.24016657538,299.203427414721,0.407227411594447,205.803146435185,7,0.923085167593669,0.839867737364195,NA,NA,"ok",NA
"housing","regression","MCAR",0.5,11,"torch_vae",563.022372095271,209.091041182355,0.23565794890516,135.930389454379,8,NA,NA,156287.255837856,-0.836328899748757,"ok",NA
"wine","classification","MCAR",0.5,11,"torch_vae",10.4211855746998,3.13298333497669,0.213891807334595,1.94074872285595,11,0.834439702860756,0.792022792022792,NA,NA,"ok",NA
"bank","classification","MAR",0.5,11,"torch_vae",2866.39555731651,784.532778370123,0.385022915793982,706.708134232794,3,0.931076025974319,0.858585858585859,NA,NA,"ok",NA
"housing","regression","MAR",0.5,11,"torch_vae",124.900893658568,63.35327144077,0.272843083586361,34.9926782183632,4,NA,NA,154967.340990266,-0.80544266086841,"ok",NA
"wine","classification","MAR",0.5,11,"torch_vae",0.613648452437068,0.279357957672101,0.191166838070765,0.168545739108993,5,0.857515410146989,0.815642458100559,NA,NA,"ok",NA
"bank","classification","MCAR",0.1,22,"torch_vae",998.989883094701,302.242286503943,0.368696887552028,155.88453635013,7,0.919767462475361,0.845149253731343,NA,NA,"ok",NA
"housing","regression","MCAR",0.1,22,"torch_vae",493.732255378787,184.69983611269,0.234428471924807,110.801295760372,8,NA,NA,154640.138766298,-0.812808351412582,"ok",NA
"wine","classification","MCAR",0.1,22,"torch_vae",8.53022939447107,2.8668454153329,0.273933095140292,2.14370101693012,11,0.860953058321479,0.790697674418605,NA,NA,"ok",NA
"bank","classification","MAR",0.1,22,"torch_vae",2045.25022370471,757.90255707697,0.285143942052079,420.711360855388,3,0.920214712011591,0.845868152274837,NA,NA,"ok",NA
"housing","regression","MAR",0.1,22,"torch_vae",793.34072632885,347.468039553582,0.22091564244092,224.732074296287,4,NA,NA,154316.51174675,-0.805228690913611,"ok",NA
"wine","classification","MAR",0.1,22,"torch_vae",0.448181641065259,0.199084428512691,0.24757160372948,0.108970264612805,5,0.880195985459143,0.834782608695652,NA,NA,"ok",NA
"bank","classification","MCAR",0.3,22,"torch_vae",1380.31736260484,319.449185771949,0.389939532721463,232.250870972476,7,0.91585584220714,0.844258484425848,NA,NA,"ok",NA
"housing","regression","MCAR",0.3,22,"torch_vae",526.338364204655,199.409409010642,0.240314635754251,109.149251980316,8,NA,NA,154264.630682961,-0.804015062636525,"ok",NA
"wine","classification","MCAR",0.3,22,"torch_vae",9.91936690117474,3.04687018189842,0.251268658689407,2.10412236631765,11,0.843883357041252,0.776470588235294,NA,NA,"ok",NA
"bank","classification","MAR",0.3,22,"torch_vae",1950.09111995174,703.130604666723,0.260648085325527,389.259032941495,3,0.922259166197928,0.854494902687674,NA,NA,"ok",NA
"housing","regression","MAR",0.3,22,"torch_vae",772.930499325985,343.086958753522,0.234176453881614,208.855820051453,4,NA,NA,153853.341500199,-0.794408417462154,"ok",NA
"wine","classification","MAR",0.3,22,"torch_vae",0.562097709809476,0.227542415135989,0.202993673286715,0.130345404575479,5,0.872846530741268,0.794117647058823,NA,NA,"ok",NA
"bank","classification","MCAR",0.5,22,"torch_vae",1336.61699799203,316.348439977379,0.415005890805705,256.101587669343,7,0.910123795448209,0.836003770028275,NA,NA,"ok",NA
"housing","regression","MCAR",0.5,22,"torch_vae",581.189072958729,215.327151807274,0.252745465936663,121.525481172813,8,NA,NA,154743.671985984,-0.815236552986166,"ok",NA
"wine","classification","MCAR",0.5,22,"torch_vae",10.4312125644032,3.3288491517682,0.242488082578396,2.1220579257418,11,0.84028765607713,0.766467065868264,NA,NA,"ok",NA
"bank","classification","MAR",0.5,22,"torch_vae",2156.97970735678,705.675325682748,0.261614801370177,536.924315447981,3,0.918959189890065,0.849074074074074,NA,NA,"ok",NA
"housing","regression","MAR",0.5,22,"torch_vae",838.685863524566,350.805151497998,0.239547078748065,224.312919484235,4,NA,NA,153864.796497058,-0.79467562918188,"ok",NA
"wine","classification","MAR",0.5,22,"torch_vae",0.600223426911035,0.245557428475778,0.221487793396477,0.138070279657833,5,0.868183973447131,0.817391304347826,NA,NA,"ok",NA
"bank","classification","MCAR",0.1,33,"torch_vae",1036.48430111928,283.422572709523,0.379619432874884,128.151747272101,7,0.922836158392416,0.854503464203233,NA,NA,"ok",NA
"housing","regression","MCAR",0.1,33,"torch_vae",442.871806068627,180.844689755558,0.220109683266058,99.3836749377636,8,NA,NA,148098.584119684,-0.706421699044145,"ok",NA
"wine","classification","MCAR",0.1,33,"torch_vae",7.892991887466,2.691558574286,0.243078709555936,1.37900876286113,11,0.875217322585744,0.782089552238806,NA,NA,"ok",NA
"bank","classification","MAR",0.1,33,"torch_vae",201.19259894578,105.214433780172,0.413996684717579,64.3324301549196,3,0.924783104121304,0.852684717760441,NA,NA,"ok",NA
"housing","regression","MAR",0.1,33,"torch_vae",582.028958365203,275.697332506797,0.228206972708777,154.037005093712,4,NA,NA,148428.993624246,-0.714044282249884,"ok",NA
"wine","classification","MAR",0.1,33,"torch_vae",3.43851559703734,1.44351945787142,0.266449456975773,0.983103577535334,5,0.891615299510036,0.833819241982507,NA,NA,"ok",NA
"bank","classification","MCAR",0.3,33,"torch_vae",1111.07981927379,305.648495063839,0.377016400157985,132.323792621272,7,0.922052061457727,0.852336448598131,NA,NA,"ok",NA
"housing","regression","MCAR",0.3,33,"torch_vae",513.297687526823,193.425970873197,0.218438131699964,134.035931630688,8,NA,NA,149381.431591066,-0.73611218939577,"ok",NA
"wine","classification","MCAR",0.3,33,"torch_vae",9.24671349161792,2.88240869087597,0.217608831469706,1.6904535556027,11,0.851074758969496,0.765060240963855,NA,NA,"ok",NA
"bank","classification","MAR",0.3,33,"torch_vae",208.832493751673,108.884662138988,0.409679794613991,68.7051363942413,3,0.92322860978727,0.854243542435424,NA,NA,"ok",NA
"housing","regression","MAR",0.3,33,"torch_vae",581.26034564108,282.181308741077,0.227269282676876,157.547006317893,4,NA,NA,148530.071580633,-0.716379554894885,"ok",NA
"wine","classification","MAR",0.3,33,"torch_vae",4.18985825626127,1.65870841112956,0.234310382479566,0.916511382162718,5,0.884898055950687,0.807121661721068,NA,NA,"ok",NA
"bank","classification","MCAR",0.5,33,"torch_vae",1246.14545170942,297.454657202145,0.372579975264776,211.850919302881,7,0.91732894518413,0.838679245283019,NA,NA,"ok",NA
"housing","regression","MCAR",0.5,33,"torch_vae",543.061485457876,211.18628226591,0.224375383783249,116.222579614116,8,NA,NA,149538.096176838,-0.739755613055355,"ok",NA
"wine","classification","MCAR",0.5,33,"torch_vae",9.33326029400199,3.06132669977086,0.248598740309206,2.00337578220148,11,0.823138928402086,0.744868035190616,NA,NA,"ok",NA
"bank","classification","MAR",0.5,33,"torch_vae",220.101446934802,112.897108591207,0.403843716990792,75.0229954372368,3,0.923133518894883,0.85317276516906,NA,NA,"ok",NA
"housing","regression","MAR",0.5,33,"torch_vae",597.91274614924,287.956998380887,0.224509540523422,159.467268953619,4,NA,NA,149207.226627561,-0.732065327497472,"ok",NA
"wine","classification","MAR",0.5,33,"torch_vae",4.11303161491853,1.60411736471034,0.220856521393345,0.884415626505624,5,0.884344871186976,0.808259587020649,NA,NA,"ok",NA
